bed_count,zip_cod,ccn,medicare_medicaid_eligible
420,36301,010001,True
240,35957,010005,True
338,35630,010006,True
362,35235,010011,True
134,35968,010012,True
106,35233,010018,True
185,35660,010019,True
89,36360,010021,True
432,36116,010023,True
344,36106,010024,True
429,36801,010029,True
1157,35233,010033,True
69,36078,010034,True
115,35058,010035,True
88,36420,010036,True
881,35801,010039,True
346,35903,010040,True
61,35555,010045,True
131,36330,010049,True
235,36305,010055,True
409,35205,010056,True
35,35042,010058,True
98,35650,010059,True
83,36340,010062,True
81,35010,010065,True
71,35611,010079,True
112,36535,010083,True
457,35601,010085,True
349,36608,010090,True
39,36744,010095,True
65,36426,010099,True
162,36532,010100,True
422,35243,010104,True
85,36067,010108,True
99,36732,010112,True
669,36607,010113,True
310,35021,010114,True
214,36701,010118,True
97,36081,010126,True
35,36545,010128,True
78,36507,010129,True
40,35125,010130,True
147,35801,010131,True
263,36608,010144,True
150,36117,010149,True
198,35661,010157,True
100,35653,010158,True
168,35150,010164,True
70,36867,010168,True
49,36502,010169,True
30,35045,010173,True
29,36784,010174,True
115,36854,010175,True
25,36518,011300,True
25,35582,011302,True
25,36904,011304,True
25,35121,011305,True
15,36278,011306,True
22,36607,012006,True
38,35209,012008,True
45,35235,012009,True
35,36302,012010,True
38,36202,012011,True
32,35401,012012,True
31,35611,012014,True
100,35209,013025,True
70,36116,013028,True
70,35811,013029,True
51,36301,013030,True
34,35124,013031,True
44,35903,013032,True
58,36867,013033,True
332,35233,013300,True
94,35212,014000,True
24,36301,014013,True
28,36049,014015,True
0,35233,019800,True
0,35233,019801,True
401,99508,020001,True
74,99645,020006,True
57,99801,020008,True
162,99701,020012,True
250,99508,020017,True
50,99559,020018,True
49,99669,020024,True
11,99686,021301,True
6,99664,021302,True
12,99833,021304,True
8,99929,021305,True
15,99576,021309,True
17,99752,021310,True
25,99901,021311,True
22,99603,021313,True
25,99835,021314,True
59,99503,022001,True
486,85711,030011,True
218,86301,030012,True
262,85020,030014,True
586,85013,030024,True
338,85224,030036,True
219,85006,030037,True
341,85251,030038,True
100,85635,030043,True
235,86401,030055,True
300,85741,030085,True
425,85260,030087,True
204,85027,030092,True
139,86442,030101,True
280,85054,030103,True
146,85755,030114,True
84,86426,030117,True
197,85297,030119,True
178,85209,030121,True
120,85255,030123,True
64,85008,030131,True
16,85339,030136,True
38,85338,030138,True
50,85212,030139,True
70,85085,030146,True
19,85390,031300,True
14,85603,031312,True
48,85013,032001,True
51,85704,032002,True
34,85710,032004,True
62,85006,032005,True
48,85203,032006,True
60,85260,033025,True
80,85712,033028,True
60,85704,033029,True
75,85304,033032,True
51,85364,033034,True
44,86314,033036,True
60,85206,033037,True
40,86001,033041,True
435,85016,033302,True
127,85006,034013,True
57,85007,034020,True
140,85704,034022,True
16,86004,034023,True
100,85302,034024,True
82,85225,034029,True
24,86301,034036,True
94,85006,034038,True
0,85054,039801,True
0,85013,039803,True
0,85016,039804,True
73,72761,040001,True
90,72830,040002,True
425,72703,040004,True
615,72205,040007,True
275,72758,040010,True
42,72833,040011,True
65,71953,040015,True
450,72205,040016,True
103,72956,040018,True
118,72335,040019,True
414,72764,040022,True
282,71903,040026,True
225,72117,040036,True
170,72801,040041,True
98,71701,040050,True
60,71655,040051,True
492,72901,040055,True
360,72903,040062,True
70,71753,040067,True
168,72315,040069,True
49,72160,040072,True
72,72104,040076,True
163,71901,040078,True
177,72015,040084,True
149,71730,040088,True
807,72205,040114,True
228,72405,040118,True
224,72503,040119,True
110,72211,040134,True
69,72120,040137,True
47,72118,040147,True
21,72703,040152,True
79,71801,040153,True
111,72032,040154,True
44,72401,040155,True
11,72301,040156,True
25,72022,040161,True
13,72855,041300,True
25,72949,041303,True
24,72958,041305,True
25,71654,041308,True
25,72560,041310,True
25,72543,041312,True
25,72031,041313,True
25,72927,041318,True
25,71923,041321,True
25,72576,041322,True
35,72110,041324,True
35,71671,041327,True
25,71653,041328,True
25,72616,041329,True
25,72454,041330,True
27,71913,042004,True
34,72901,042006,True
25,72903,042008,True
25,72764,042009,True
40,72205,042010,True
55,72205,042012,True
99,72401,042013,True
120,72205,043026,True
80,72901,043028,True
80,72401,043029,True
80,72120,043031,True
80,72703,043032,True
40,71913,043035,True
36,72758,043036,True
50,72916,043037,True
114,72703,044004,True
321,72205,044011,True
54,72301,044021,True
0,72205,049802,True
0,72205,049803,True
129,94545,050002,True
140,95501,050006,True
301,94010,050007,True
153,94117,050008,True
171,94558,050009,True
181,94574,050013,True
52,95642,050014,True
67,93420,050016,True
419,95819,050017,True
478,92501,050022,True
237,91950,050024,True
600,92103,050025,True
536,91942,050026,True
421,93301,050036,True
324,91342,050040,True
76,96080,050042,True
569,94609,050043,True
161,92243,050045,True
608,94109,050047,True
120,94110,050055,True
448,93291,050057,True
334,91204,050058,True
345,90027,050063,True
39,95361,050067,True
462,92868,050069,True
120,94080,050070,True
327,95051,050071,True
362,94596,050072,True
475,94589,050073,True
396,94611,050075,True
239,94115,050076,True
700,92103,050077,True
387,90732,050078,True
265,93030,050082,True
335,95204,050084,True
347,92411,050089,True
83,95476,050090,True
57,91790,050096,True
281,91786,050099,True
881,92123,050100,True
111,94589,050101,True
377,90033,050103,True
227,93454,050107,True
523,95816,050108,True
363,90404,050112,True
103,94403,050113,True
679,92025,050115,True
435,91325,050116,True
230,93230,050121,True
264,95116,050125,True
362,91406,050126,True
122,95695,050127,True
397,92056,050128,True
291,92404,050129,True
75,94945,050131,True
173,95901,050133,True
99,94954,050136,True
325,91402,050137,True
507,90027,050138,True
352,90242,050139,True
438,92335,050140,True
258,93940,050145,True
124,95945,050150,True
288,94109,050152,True
150,91436,050158,True
301,92835,050168,True
346,95405,050174,True
296,94598,050180,True
49,93654,050192,True
106,95076,050194,True
208,94062,050197,True
157,93552,050204,True
145,94501,050211,True
306,91911,050222,True
409,92663,050224,True
367,94110,050228,True
167,92843,050230,True
135,93401,050232,True
204,92118,050234,True
149,93065,050236,True
515,91206,050239,True
222,95065,050242,True
172,93906,050248,True
111,95667,050254,True
120,93257,050261,True
445,90095,050262,True
229,92373,050272,True
164,94553,050276,True
257,91346,050278,True
267,96001,050280,True
317,90404,050290,True
170,95403,050291,True
439,92555,050292,True
211,93301,050295,True
56,92311,050298,True
212,92307,050300,True
127,95482,050301,True
555,94705,050305,True
328,95661,050309,True
82,95376,050313,True
613,94602,050320,True
332,92037,050324,True
533,92354,050327,True
240,92882,050329,True
263,93901,050334,True
143,95370,050335,True
190,95240,050336,True
415,92868,050348,True
224,90640,050350,True
366,90503,050353,True
1395,90033,050373,True
242,91352,050378,True
404,95124,050380,True
193,91723,050382,True
54,94133,050407,True
251,90710,050411,True
106,95630,050414,True
49,95531,050417,True
173,92037,050424,True
628,95825,050425,True
625,91109,050438,True
613,94305,050441,True
186,95340,050444,True
1019,94143,050454,True
255,93301,050455,True
339,94117,050457,True
236,91307,050481,True
570,90806,050485,True
155,94546,050488,True
303,94520,050496,True
97,95603,050498,True
158,92024,050503,True
120,94903,050510,True
193,94538,050512,True
659,92120,050515,True
370,95608,050516,True
111,94509,050523,True
131,92647,050526,True
48,93635,050528,True
48,95616,050537,True
149,94063,050541,True
122,92627,050543,True
273,91360,050549,True
275,95355,050557,True
293,90034,050561,True
565,92691,050567,True
289,92270,050573,True
112,91710,050586,True
158,95823,050590,True
106,91740,050597,True
631,95817,050599,True
325,92653,050603,True
247,95119,050604,True
156,93215,050608,True
262,92806,050609,True
180,93010,050616,True
877,90048,050625,True
236,92064,050636,True
241,95823,050674,True
218,91367,050677,True
210,92708,050678,True
84,92585,050684,True
226,92505,050686,True
173,95403,050690,True
250,92562,050701,True
96,91402,050704,True
31,93710,050708,True
169,93720,050710,True
30,95065,050714,True
395,90242,050717,True
269,91706,050723,True
23,95355,050726,True
346,90301,050739,True
189,92805,050744,True
84,92869,050745,True
282,92705,050746,True
178,92704,050747,True
153,91403,050755,True
106,91763,050758,True
150,94531,050760,True
245,91356,050761,True
101,92555,050765,True
14,95991,050766,True
72,95688,050767,True
70,92618,050769,True
106,92563,050770,True
340,95661,050772,True
108,94577,050777,True
99,91767,050782,True
112,93274,050784,True
17,90036,050785,True
9,96122,051300,True
24,93561,051301,True
17,93546,051303,True
34,95338,051304,True
12,90704,051307,True
25,95490,051310,True
24,95948,051311,True
27,93240,051314,True
25,96093,051315,True
32,95422,051317,True
25,95540,051318,True
33,96067,051319,True
25,93514,051324,True
25,95437,051325,True
26,96020,051327,True
72,96161,051328,True
30,95453,051329,True
25,95249,051332,True
30,92315,051335,True
25,93930,051336,True
25,95023,051337,True
99,90026,052031,True
81,90056,052032,True
58,95630,052033,True
99,94577,052034,True
70,92104,052036,True
91,91764,052037,True
277,90638,052038,True
48,92821,052039,True
120,94904,052043,True
95,91706,052045,True
56,96001,052047,True
55,91730,052049,True
58,90247,052050,True
40,92571,052052,True
86,93309,053031,True
62,93720,053032,True
117,92782,053034,True
60,92411,053037,True
50,95355,053040,True
50,92270,053041,True
50,92563,053042,True
52,92029,053043,True
190,94609,053301,True
396,94304,053305,True
80,95817,053311,True
209,90095,054009,True
95,91724,054069,True
61,94590,054074,True
66,91942,054075,True
87,93001,054077,True
89,92373,054093,True
73,95826,054096,True
35,95204,054123,True
68,92506,054130,True
73,94524,054131,True
149,92123,054145,True
80,95138,054154,True
90,93309,054155,True
128,91740,054157,True
521,92123,059800,True
0,90048,059801,True
0,94304,059804,True
0,94109,059806,True
0,95817,059808,True
0,95816,059809,True
0,92103,059810,True
0,92868,059811,True
0,92354,059814,True
0,92037,059815,True
0,92868,059816,True
0,90509,059818,True
98,80601,060004,True
75,81401,060006,True
59,81101,060008,True
680,80218,060014,True
422,80220,060032,True
368,80113,060034,True
157,80229,060065,True
58,81657,060096,True
346,80012,060100,True
46,80206,060107,True
186,80124,060112,True
234,80026,060116,True
12,81301,060117,True
25,81036,061300,True
25,80731,061304,True
16,80734,061305,True
25,81648,061307,True
17,81140,061308,True
15,80758,061309,True
25,80737,061310,True
23,81073,061311,True
25,81089,061316,True
25,81650,061317,True
24,81230,061320,True
25,81082,061321,True
25,81201,061322,True
25,81611,061324,True
16,81641,061325,True
25,80810,061343,True
68,80218,062009,True
93,80113,062011,True
37,80011,062013,True
54,80229,062014,True
20,80534,062017,True
122,80011,063027,True
64,80910,063030,True
40,80534,063033,True
40,80120,063034,True
31,80229,063035,True
46,81501,064023,True
24,80923,064026,True
92,80534,064029,True
0,80218,069865,True
78,6069,070004,True
109,6790,070011,True
144,6450,070017,True
130,6226,070021,True
874,6504,070022,True
213,6360,070024,True
819,6102,070025,True
397,6606,070028,True
345,6810,070033,True
328,6856,070034,True
330,6050,070035,True
45,6117,070040,True
129,6106,073300,True
60,6250,074008,True
0,6504,079801,True
1196,19718,080001,True
304,19901,080004,True
119,19973,080006,True
168,19963,080009,True
35,19805,082000,True
40,19709,083026,True
260,19899,083300,True
73,19901,084004,True
90,19947,084005,True
0,19803,089801,True
535,20007,090004,True
362,20016,090005,True
184,20032,090008,True
818,20010,090011,True
60,20002,092002,True
82,20032,092003,True
137,20010,093025,True
104,20016,094004,True
0,20010,099800,True
0,20007,099802,True
481,33435,100002,True
1738,32806,100006,True
3220,32803,100007,True
895,33901,100012,True
109,32170,100014,True
563,32114,100017,True
2230,33136,100022,True
204,34452,100023,True
547,32504,100025,True
323,32401,100026,True
208,32796,100028,True
816,33150,100029,True
216,34761,100030,True
480,33701,100032,True
672,33140,100034,True
1013,33021,100038,True
528,32204,100040,True
521,34994,100044,True
164,32720,100045,True
139,33541,100046,True
208,33950,100047,True
55,32565,100048,True
126,33870,100049,True
122,34711,100051,True
356,33013,100053,True
65,32578,100054,True
168,34689,100055,True
269,32778,100057,True
385,34474,100062,True
362,32117,100068,True
119,33614,100069,True
312,34285,100070,True
244,34601,100071,True
175,32763,100072,True
254,33952,100077,True
807,33462,100080,True
330,34748,100084,True
839,34239,100087,True
1119,32207,100088,True
335,32086,100090,True
298,32955,100092,True
646,32501,100093,True
160,33853,100099,True
332,32960,100105,True
88,33936,100107,True
204,33872,100109,True
404,34741,100110,True
1111,32610,100113,True
146,32250,100117,True
99,32164,100118,True
110,32539,100122,True
129,32570,100124,True
147,33033,100125,True
307,33707,100126,True
1041,33606,100128,True
90,33030,10012,False
407,33180,100131,True
25,32063,100134,True
193,33837,100137,True
62,32034,100140,True
100,32446,100142,True
167,33040,100150,True
436,33143,100154,True
91,32055,100156,True
221,32771,100161,True
155,34233,100166,True
488,33133,100167,True
400,33486,100168,True
626,33613,100173,True
454,32216,100179,True
215,33710,100180,True
360,33016,100187,True
289,33063,100189,True
250,32512,10018,False
340,34655,100191,True
25,32304,10019,False
528,32605,100204,True
384,33609,100206,True
447,33175,100209,True
120,33525,100211,True
545,34471,100212,True
383,34209,100213,True
215,32580,10021,False
699,33912,100220,True
309,32547,100223,True
271,33321,100224,True
365,32073,100226,True
250,33324,100228,True
301,33024,100230,True
515,32514,100231,True
99,32177,100232,True
233,33952,100236,True
288,33709,100238,True
282,32405,100242,True
431,33511,100243,True
291,33990,100244,True
398,34950,100246,True
455,33770,100248,True
128,34428,100249,True
100,34972,100252,True
288,32308,100254,True
290,34667,100256,True
112,33573,100259,True
207,34952,100260,True
350,34613,100264,True
77,32561,100266,True
100,34223,100267,True
204,33470,100269,True
235,33414,100275,True
32,33137,100277,True
486,33028,100281,True
178,33029,100285,True
275,34119,100286,True
206,33331,100289,True
307,32159,100290,True
119,32935,100291,True
58,32550,100292,True
281,33146,100296,True
24,32324,100298,True
120,34202,100299,True
84,34769,100302,True
313,32216,100307,True
19,32456,100313,True
133,33196,100314,True
169,33544,100319,True
76,34758,100320,True
134,32068,100321,True
64,32765,100329,True
42,32725,100330,True
64,32827,100350,True
165,33328,100360,True
72,32207,10039,False
116,33155,10056,False
192,33410,10065,False
100,32827,10099,False
25,33873,101300,True
25,32054,101303,True
25,32424,101304,True
25,32320,101305,True
8,33050,101312,True
25,33070,101313,True
47,33128,102001,True
99,32809,102003,True
155,33611,102009,True
238,33301,102010,True
102,33603,102013,True
73,32043,102015,True
30,32401,102017,True
31,34474,102019,True
29,32308,102020,True
44,32610,102022,True
60,33461,102023,True
54,32504,102024,True
70,33418,102025,True
77,34637,102026,True
60,32901,102027,True
40,34484,102028,True
60,33905,102029,True
34,32117,102030,True
60,33016,102031,True
50,33936,102032,True
126,33351,103028,True
96,34240,103031,True
80,32960,103032,True
76,32308,103033,True
90,32901,103034,True
70,33770,103037,True
60,33189,103038,True
75,32405,103040,True
80,34613,103042,True
80,34471,103043,True
80,34997,103044,True
50,32714,103045,True
60,32608,103046,True
50,33548,103047,True
40,32504,103048,True
40,32084,103049,True
50,33803,103050,True
259,33701,103300,True
95,32827,103304,True
1138,32063,104007,True
56,32808,104067,True
75,33543,104075,True
0,33601,109801,True
0,32803,109802,True
0,32610,109803,True
0,33136,109804,True
0,32224,109806,True
0,32114,109807,True
0,33021,109810,True
0,33331,109811,True
0,33770,109812,True
0,32504,109813,True
237,31501,110003,True
78,30041,110005,True
691,31703,110007,True
84,30115,110008,True
182,30117,110011,True
40,30180,110015,True
276,30240,110016,True
90,30014,110018,True
69,30701,110023,True
320,31412,110024,True
300,31520,110025,True
551,30901,110028,True
461,30501,110029,True
112,30120,110030,True
160,30223,110031,True
633,30060,110035,True
530,31404,110036,True
264,31792,110038,True
53,30535,110041,True
83,30141,110042,True
294,31419,110043,True
143,31719,110044,True
56,30680,110045,True
77,30655,110046,True
42,30705,110050,True
45,30512,110051,True
417,31901,110064,True
186,31093,110069,True
49,31513,110071,True
315,30606,110074,True
150,30458,110075,True
451,30033,110076,True
481,30308,110078,True
953,30303,110079,True
410,30342,110082,True
458,30309,110083,True
353,30046,110087,True
107,30012,110091,True
94,31023,110092,True
176,31793,110095,True
65,30434,110100,True
60,31620,110101,True
65,31015,110104,True
637,31201,110107,True
47,30824,110111,True
762,30312,110115,True
60,39828,110121,True
335,31602,110122,True
88,31545,110124,True
190,31021,110125,True
87,30474,110128,True
376,31995,110129,True
80,39819,110132,True
382,30106,110143,True
40,31558,110146,True
140,31061,110150,True
39,31069,110153,True
444,30342,110161,True
250,31217,110164,True
376,30274,110165,True
201,30165,110168,True
354,30909,110177,True
108,30134,110184,True
50,30513,110189,True
122,30281,110191,True
200,30078,110192,True
65,39845,110194,True
167,30076,110198,True
100,31909,110200,True
221,30214,110215,True
35,30143,110225,True
84,30058,110226,True
143,30265,110229,True
110,30097,110230,True
25,30265,110233,True
63,31639,110234,True
179,30742,110236,True
52,30533,110237,True
122,30096,110252,True
17,31064,111303,True
25,30650,111304,True
25,31329,111306,True
25,31008,111310,True
25,30467,111312,True
25,39823,111314,True
25,31029,111318,True
25,30233,111319,True
25,30110,111320,True
25,30453,111323,True
25,30546,111324,True
25,30673,111325,True
25,31635,111326,True
25,31791,111328,True
25,31730,111331,True
25,31643,111332,True
25,30439,111334,True
25,31310,111335,True
152,30309,112003,True
72,30308,112004,True
76,30030,112006,True
115,30067,112007,True
40,31405,112011,True
30,30904,112013,True
34,31217,112016,True
58,31210,113029,True
58,30901,113030,True
56,30322,113031,True
50,30265,113032,True
50,31404,113033,True
50,30041,113034,True
50,30253,113035,True
295,30322,113300,True
234,30342,113301,True
96,30046,114004,True
45,30274,114035,True
103,31602,114036,True
0,30322,119800,True
0,30322,119802,True
0,30309,119803,True
585,96813,120001,True
213,96793,120002,True
53,96786,120004,True
142,96720,120005,True
160,96734,120006,True
250,96819,120011,True
71,96766,120014,True
60,96750,120019,True
33,96743,120028,True
229,96819,12006,False
25,96796,121300,True
21,96777,121301,True
25,96755,121302,True
13,96748,121303,True
11,96731,121304,True
4,96763,121305,True
14,96746,121306,True
9,96790,121308,True
9,96816,122001,True
88,96706,124001,True
0,96813,129801,True
226,83301,130002,True
145,83501,130003,True
544,83712,130006,True
150,83605,130014,True
330,83404,130018,True
43,83221,130065,True
87,83687,130071,True
8,83221,130073,True
88,83404,130074,True
14,83805,131301,True
18,83330,131302,True
18,83467,131305,True
25,83276,131309,True
25,83338,131310,True
25,83647,131311,True
15,83638,131312,True
13,83422,131313,True
16,83530,131315,True
25,83350,131319,True
23,83544,131320,True
25,83522,131321,True
25,83340,131323,True
14,83213,131324,True
25,83221,131325,True
25,83318,131326,True
25,83843,131327,True
48,83864,131328,True
40,83854,132001,True
60,83709,132002,True
30,83854,133027,True
40,83706,133028,True
92,83642,134017,True
144,61520,140001,True
222,62002,140002,True
443,60435,140007,True
80,61021,140012,True
305,61614,140013,True
30,62565,140019,True
210,60504,140029,True
255,60123,140030,True
146,62401,140032,True
125,62801,140034,True
98,61081,140043,True
175,62864,140046,True
263,60617,140048,True
296,62002,140052,True
731,62769,140053,True
436,60463,140062,True
296,60304,140063,True
166,61401,140064,True
730,61637,140067,True
162,60628,140068,True
427,60202,140080,True
176,60644,140083,True
388,60085,140084,True
782,60637,140088,True
316,61801,140091,True
210,61832,140093,True
95,60099,140100,True
89,60450,140101,True
210,60621,140103,True
50,61350,140110,True
268,61801,140113,True
284,60625,140114,True
218,60613,140115,True
177,60050,140116,True
443,60631,140117,True
727,60612,140119,True
132,61554,140120,True
261,60521,140122,True
918,60612,140124,True
406,62040,140125,True
176,61761,140127,True
222,60045,140130,True
372,62526,140135,True
60,62246,140137,True
96,60614,14013,False
151,62450,140147,True
562,62702,140148,True
507,60612,140150,True
182,60901,140155,True
57,60506,14015,False
203,61032,140160,True
81,61764,140161,True
180,61701,140162,True
140,62901,140164,True
94,60970,140167,True
300,60461,140172,True
315,60506,140174,True
336,60649,140177,True
298,60805,140179,True
493,60622,140180,True
137,60617,140181,True
997,60657,140182,True
92,62959,140184,True
260,62269,140187,True
203,61938,140189,True
582,60426,140191,True
284,60048,140202,True
695,60453,140208,True
485,61636,140209,True
118,60134,140211,True
277,60123,140217,True
638,60068,140223,True
402,60657,140224,True
397,61104,140228,True
254,61108,140233,True
431,61103,140239,True
361,60190,140242,True
299,60634,140251,True
483,60007,140258,True
71,61201,140280,True
894,60611,140281,True
98,60115,140286,True
366,60515,140288,True
151,62062,140289,True
342,60169,140290,True
154,60010,140291,True
186,60139,140292,True
222,60615,140300,True
25,62016,141300,True
16,61856,141301,True
19,61036,141302,True
25,61727,141303,True
25,62088,141306,True
17,62274,141307,True
15,62263,141308,True
18,61530,141309,True
25,61342,141310,True
15,62837,141311,True
25,61068,141312,True
25,62644,141313,True
23,60942,141316,True
23,61462,141318,True
25,61254,141319,True
16,62812,141321,True
15,62656,141322,True
25,61443,141325,True
25,62863,141327,True
25,61747,141330,True
25,62832,141331,True
25,62049,141332,True
22,62681,141333,True
25,60033,141335,True
25,61356,141337,True
25,62568,141339,True
25,60548,141340,True
25,62906,141342,True
25,62454,141343,True
25,62881,141345,True
25,62471,141346,True
25,62278,141348,True
25,62286,141349,True
25,62056,141350,True
25,62650,141352,True
69,60178,142006,True
258,60164,142008,True
94,60660,142009,True
238,60016,142011,True
113,60187,143027,True
65,61108,143028,True
34,62025,143029,True
40,62269,143030,True
60,60048,143031,True
136,60169,144031,True
0,60612,149803,True
0,60611,149806,True
0,61637,149807,True
0,60453,149809,True
536,46402,150002,True
215,46320,150004,True
227,46350,150006,True
241,47130,150009,True
167,46904,150010,True
99,46952,150011,True
310,46360,150015,True
396,46804,150017,True
600,46845,150021,True
103,47933,150022,True
123,46526,150026,True
90,47362,150030,True
301,46383,150035,True
69,46140,150037,True
165,47591,150042,True
278,47802,150046,True
191,46802,150047,True
297,47408,150051,True
1733,46202,150056,True
82,46158,150057,True
162,46060,150059,True
93,47274,150065,True
79,46714,150075,True
779,46260,150084,True
195,46016,150088,True
379,47303,150089,True
198,46311,150090,True
51,46176,150097,True
414,47750,150100,True
53,46534,150102,True
52,46052,150104,True
186,47905,150109,True
208,46307,150126,True
72,46580,150133,True
131,46825,150150,True
107,46290,150153,True
107,46032,150157,True
127,46123,150158,True
149,46032,150161,True
385,46237,150162,True
63,46321,150165,True
44,46804,150168,True
191,47905,150173,True
86,46256,150179,True
46,46037,150181,True
8,46350,150191,True
23,46032,150193,True
25,47394,151301,True
15,47348,151302,True
19,47265,151303,True
25,46996,151305,True
25,47454,151306,True
16,47993,151307,True
25,46036,151308,True
25,47834,151309,True
25,46072,151311,True
25,47960,151312,True
25,46975,151313,True
25,47167,151314,True
25,46041,151316,True
25,46970,151318,True
35,47371,151320,True
25,47586,151322,True
46,47978,151324,True
35,47601,151325,True
25,47882,151327,True
25,47421,151328,True
25,47006,151329,True
25,47112,151331,True
25,47240,151332,True
25,47170,151334,True
25,47421,151335,True
59,46222,152007,True
60,47713,152014,True
74,46260,152020,True
61,46312,152024,True
32,47303,152025,True
40,46307,152028,True
103,47630,153025,True
36,46804,153030,True
60,47150,153037,True
40,47905,153042,True
40,46545,153047,True
40,47404,153049,True
37,46506,154058,True
30,46545,154061,True
50,46254,154063,True
70,46307,154065,True
0,46260,159802,True
0,46206,159803,True
49,50158,160001,True
142,51401,160005,True
80,52761,160013,True
174,50501,160016,True
194,51503,160028,True
68,50208,160032,True
532,52402,160045,True
236,51503,160047,True
1103,52242,160058,True
674,50309,160082,True
649,50314,160083,True
235,52501,160089,True
200,50314,160101,True
150,52722,160104,True
234,50703,160110,True
93,51301,160112,True
158,52001,160117,True
201,51104,160146,True
49,50112,160147,True
25,50421,161301,True
25,50525,161302,True
25,50638,161303,True
22,50841,161304,True
25,52205,161306,True
25,51555,161309,True
25,50849,161310,True
25,51023,161311,True
25,52052,161312,True
25,50115,161314,True
25,52175,161316,True
25,52172,161318,True
25,50674,161320,True
25,50220,161322,True
25,50461,161323,True
25,51640,161324,True
25,50129,161325,True
25,50273,161326,True
25,52136,161328,True
25,50025,161330,True
17,51455,161332,True
25,50201,161333,True
25,50644,161335,True
25,50049,161341,True
83,52349,161349,True
25,51449,161350,True
25,51445,161354,True
25,50138,161355,True
74,52641,161356,True
25,50060,161358,True
25,51040,161359,True
25,51041,161360,True
25,50595,161361,True
25,52556,161364,True
25,51601,161366,True
25,51442,161369,True
25,50583,161370,True
25,50036,161372,True
25,51537,161374,True
35,50588,161375,True
29,50022,161376,True
25,52544,161377,True
25,52577,161379,True
50,52806,162001,True
30,50314,162003,True
50,50325,163025,True
40,52241,163026,True
40,52241,163027,True
0,50309,169800,True
0,52242,169802,True
89,66762,170006,True
353,67401,170012,True
49,66067,170014,True
378,66606,170016,True
80,67042,170017,True
199,67502,170020,True
1045,66160,170040,True
300,66061,170049,True
92,66441,170074,True
506,66604,170086,True
55,67114,170103,True
363,66204,170104,True
49,67460,170105,True
39,66071,170109,True
109,67357,170120,True
1268,67214,170122,True
150,66502,170142,True
47,67337,170145,True
351,66215,170176,True
190,66209,170182,True
34,67226,170183,True
75,66213,170185,True
21,66211,170188,True
36,67226,170196,True
68,67235,170200,True
16,66739,170203,True
12,67572,171300,True
24,67526,171301,True
25,67839,171303,True
25,67861,171306,True
25,66725,171308,True
25,66956,171309,True
16,67756,171310,True
20,67663,171311,True
25,67860,171313,True
22,66538,171315,True
25,66032,171316,True
12,66436,171319,True
25,67878,171322,True
25,67578,171323,True
25,67870,171324,True
25,67748,171326,True
18,67439,171327,True
25,67554,171330,True
24,67070,171331,True
25,67054,171332,True
25,67544,171333,True
25,67104,171334,True
25,66547,171337,True
25,66534,171338,True
25,67449,171340,True
25,66434,171341,True
35,66757,171344,True
25,67654,171348,True
25,66901,171349,True
25,66968,171351,True
25,67749,171352,True
25,67661,171353,True
25,67672,171355,True
15,67063,171357,True
21,67456,171358,True
14,67455,171360,True
35,66935,171361,True
25,66508,171363,True
16,67473,171364,True
25,67752,171367,True
16,67854,171369,True
25,67735,171370,True
25,67432,171371,True
25,67871,171372,True
25,66749,171373,True
32,66736,171374,True
35,67420,171375,True
25,66743,171376,True
25,66967,171377,True
25,67068,171378,True
21,66846,171379,True
25,66720,171380,True
25,67410,171381,True
25,66002,171382,True
25,67156,171383,True
56,66212,172004,True
40,66112,172005,True
48,67214,172007,True
72,66606,173025,True
80,66211,173026,True
30,67206,173028,True
34,66211,173300,True
30,67114,174016,True
72,66062,174020,True
0,66106,179801,True
90,41858,180002,True
166,41653,180005,True
120,40741,180011,True
382,42101,180013,True
149,40351,180018,True
111,41056,180019,True
96,40965,180020,True
75,40033,180024,True
140,42071,180027,True
308,41701,180029,True
49,40962,180043,True
58,40361,180046,True
150,40831,180050,True
194,42240,180051,True
92,42276,180066,True
791,40536,180067,True
113,41503,180069,True
75,42754,180070,True
72,41240,180078,True
61,41031,180079,True
75,40391,180092,True
48,42064,180095,True
75,40324,180101,True
49,42167,180105,True
42,42602,180106,True
26,40456,180115,True
93,42066,180116,True
211,42104,180124,True
173,40601,180127,True
90,41230,180128,True
215,42503,180132,True
55,41339,180139,True
217,40509,180143,True
25,42211,181304,True
25,41649,181305,True
25,41472,181307,True
25,40383,181308,True
25,42749,181314,True
25,41749,181316,True
25,42135,181318,True
25,40143,181319,True
25,42347,181323,True
25,42164,181324,True
25,40906,181328,True
25,40403,181329,True
25,42642,181330,True
25,41647,181331,True
367,40204,182001,True
57,40504,182002,True
41,40422,182003,True
33,41075,182004,True
28,42101,182005,True
32,40701,182006,True
37,42003,182008,True
35,42431,182009,True
158,40504,183026,True
51,41017,183027,True
40,42701,183028,True
60,42104,183029,True
40,41042,183030,True
323,40511,184004,True
0,40536,189802,True
456,70503,190002,True
194,70301,190004,True
446,70112,190005,True
116,70506,190006,True
110,70663,190013,True
346,71301,190026,True
76,70510,190034,True
113,70526,190044,True
166,70562,190054,True
1000,70808,190064,True
384,70809,190065,True
139,71270,190086,True
46,71483,190090,True
49,71351,190099,True
329,70508,190102,True
49,71463,190106,True
949,71103,190111,True
310,71201,190125,True
168,70817,190128,True
38,71269,190151,True
506,70112,190176,True
32,71418,190190,True
23,71254,190208,True
30,70360,190241,True
10,71201,190245,True
10,70458,190256,True
39,70130,190300,True
92,70427,190312,True
230,70806,190316,True
25,70517,191302,True
15,70390,191303,True
25,70071,191305,True
19,70775,191306,True
25,70422,191309,True
22,70538,191310,True
35,71465,191315,True
23,70760,191316,True
25,71334,191318,True
33,70525,191319,True
21,71001,191320,True
35,70548,191322,True
25,71232,191323,True
54,70809,192004,True
62,71112,192006,True
39,70072,192007,True
93,70726,192008,True
196,71101,192010,True
25,71301,192012,True
33,70601,192013,True
32,71201,192016,True
58,70445,192023,True
40,71373,192028,True
46,70506,192029,True
47,71291,192031,True
84,70506,192032,True
24,70570,192034,True
21,71457,192035,True
40,70360,192037,True
16,70791,192041,True
28,71303,192043,True
21,71291,192055,True
47,71301,193031,True
27,70403,193044,True
20,71446,193050,True
26,70056,193074,True
45,70809,193078,True
16,71446,193086,True
32,70508,193093,True
24,71112,193094,True
40,70560,193096,True
24,70433,193097,True
56,70121,193099,True
45,71103,193301,True
78,70507,194044,True
38,70518,194073,True
22,70445,194080,True
20,70634,194081,True
36,70546,194082,True
34,70128,194084,True
24,70508,194085,True
20,70605,194090,True
52,70403,194091,True
20,70570,194095,True
24,71303,194096,True
24,70071,194102,True
24,70809,194105,True
36,71301,194106,True
20,70364,194109,True
24,71322,194112,True
36,70065,194113,True
104,70068,194114,True
0,71103,199804,True
112,4401,200001,True
230,4101,200008,True
89,4769,200018,True
79,3909,200020,True
250,4240,200024,True
411,4401,200033,True
233,4243,200034,True
48,4901,200041,True
64,4605,200050,True
25,4614,201300,True
25,4441,201301,True
25,4457,201303,True
25,4276,201306,True
25,4462,201307,True
25,4426,201309,True
25,4009,201310,True
25,4967,201313,True
25,4976,201314,True
100,4102,203025,True
100,4401,204006,True
271,21742,210001,True
816,21201,210002,True
224,20774,210003,True
248,21701,210005,True
101,21078,210006,True
1025,21287,210009,True
407,21229,210011,True
413,21215,210012,True
405,21237,210015,True
298,20904,210016,True
33,21550,210017,True
165,20832,210018,True
362,21801,210019,True
229,20814,210022,True
370,21401,210023,True
370,21218,210024,True
240,21502,210027,True
107,20650,210028,True
430,21224,210029,True
64,21620,210030,True
166,21921,210032,True
158,21157,210033,True
376,21225,210034,True
131,20646,210035,True
189,21601,210037,True
276,21201,210038,True
106,20678,210039,True
215,21133,210040,True
329,21061,210043,True
303,21204,210044,True
233,21044,210048,True
219,21014,210049,True
182,20706,210051,True
208,21239,210056,True
331,20850,210057,True
134,21207,210058,True
37,20744,210060,True
48,21811,210061,True
239,20735,210062,True
238,21204,210063,True
100,21209,210064,True
64,21804,213028,True
87,20850,213029,True
117,21209,213300,True
63,21205,213301,True
322,21204,214000,True
16,21401,214020,True
0,21201,219801,True
150,1453,220001,True
126,2703,220008,True
92,1301,220016,True
135,2124,220017,True
113,1550,220019,True
993,1730,22001,False
160,2721,220020,True
41,1069,220030,True
283,1915,220033,True
415,1970,220035,True
252,2135,220036,True
319,1201,220046,True
79,1752,220049,True
158,1854,220063,True
97,1085,220065,True
133,2780,220073,True
716,1199,220077,True
275,1844,220080,True
597,2215,220086,True
57,1432,220098,True
231,2301,220111,True
27,2115,220162,True
325,1655,220163,True
25,1230,221302,True
675,2131,222007,True
212,2072,222027,True
90,2745,222043,True
174,1542,222046,True
88,1581,222048,True
210,1801,223026,True
187,2184,223027,True
110,1602,223029,True
53,1056,223030,True
112,2135,223300,True
40,1104,223303,True
0,1803,229802,True
0,2115,229803,True
0,2118,229804,True
0,1199,229809,True
57,49464,230003,True
60,49093,230015,True
434,48075,230019,True
623,48124,230020,True
313,49085,230021,True
48,48838,230035,True
1135,49503,230038,True
387,48708,230041,True
361,48038,230047,True
903,48202,230053,True
289,49855,230054,True
96,49801,230055,True
34,48033,230071,True
268,48601,230077,True
62,49098,230078,True
151,48858,230080,True
311,48230,230089,True
412,49201,230092,True
74,49307,230093,True
60,48764,230100,True
243,49770,230105,True
36,49930,230108,True
81,49431,230110,True
372,49048,230117,True
1031,48073,230130,True
368,48532,230141,True
259,48184,230142,True
345,48192,230146,True
305,48336,230151,True
625,48236,230165,True
363,48910,230167,True
195,48183,230176,True
183,48446,230193,True
348,48093,230195,True
410,48439,230197,True
308,48342,230207,True
103,48811,230208,True
163,48060,230216,True
94,49068,230217,True
288,48043,230227,True
617,48912,230230,True
68,48054,230241,True
323,48135,230244,True
290,48307,230254,True
20,48091,230264,True
254,48085,230269,True
163,48180,230270,True
278,48603,230275,True
63,48116,230279,True
123,48201,230297,True
191,48322,230302,True
25,48658,231305,True
15,49781,231306,True
24,49946,231307,True
25,49953,231309,True
25,48471,231314,True
25,49047,231315,True
25,48850,231317,True
25,49935,231318,True
25,49913,231319,True
25,49849,231321,True
25,49677,231323,True
25,48879,231326,True
25,48813,231327,True
25,49010,231328,True
25,48723,231329,True
25,48846,231331,True
25,49938,231333,True
25,49829,231337,True
61,49412,231338,True
25,49058,231339,True
64,48413,231340,True
36,48532,232012,True
220,48180,232019,True
31,48706,232020,True
36,48043,232023,True
36,48197,232024,True
146,49506,232029,True
40,48192,232031,True
32,48602,232033,True
43,49080,232034,True
25,49016,232035,True
36,48912,232037,True
100,48220,234011,True
162,48205,234038,True
0,48202,239801,True
0,48236,239804,True
0,49503,239807,True
518,55422,240001,True
380,55805,240002,True
894,55415,240004,True
2059,55902,240010,True
50,55066,240018,True
86,55008,240020,True
489,56303,240036,True
603,55102,240038,True
181,56007,240043,True
267,55805,240047,True
61,55092,240050,True
100,56537,240052,True
426,55426,240053,True
996,55407,240057,True
64,55744,240064,True
97,55082,240066,True
77,55060,240069,True
99,55021,240071,True
162,56401,240075,True
65,55313,240076,True
390,55435,240078,True
1700,55454,240080,True
272,56001,240093,True
87,56501,240101,True
480,55101,240106,True
573,55433,240115,True
54,55371,240141,True
57,56031,240166,True
66,55350,240187,True
150,55337,240207,True
184,55109,240210,True
86,55125,240213,True
90,55369,240214,True
15,56623,241301,True
16,56277,241306,True
25,55616,241308,True
35,55072,241309,True
14,55723,241312,True
24,56232,241314,True
20,56628,241316,True
25,56172,241319,True
15,56240,241321,True
25,56062,241323,True
34,56347,241326,True
37,56479,241329,True
28,56352,241330,True
25,56081,241333,True
25,55981,241335,True
18,55041,241338,True
16,55705,241340,True
15,56751,241344,True
25,56093,241345,True
15,55009,241346,True
36,56362,241349,True
31,56283,241351,True
25,56071,241361,True
39,55362,241362,True
36,55720,241364,True
31,56215,241365,True
49,55051,241367,True
28,56378,241368,True
49,56345,241370,True
25,56573,241373,True
62,56073,241378,True
10,56531,241379,True
50,56470,241380,True
254,55102,242004,True
92,55422,242005,True
0,55455,249804,True
0,55415,249805,True
153,38652,250006,True
153,39530,250007,True
164,38834,250009,True
84,38851,250017,True
445,39502,250019,True
41,39339,250027,True
354,39183,250031,True
217,38655,250034,True
67,39046,250038,True
195,38614,250042,True
82,39350,250043,True
114,38829,250044,True
571,39216,250048,True
473,39204,250072,True
80,39367,250077,True
268,38704,250082,True
179,39120,250084,True
79,39429,250085,True
165,38732,250093,True
211,39402,250094,True
69,38751,250095,True
134,39042,250096,True
160,39649,250097,True
260,38935,250099,True
328,39705,250100,True
639,39202,250102,True
64,39111,250124,True
120,38606,250128,True
109,39232,250136,True
106,39232,250138,True
161,38671,250141,True
35,39074,251300,True
33,39730,251302,True
25,39654,251305,True
25,39631,251309,True
25,38967,251312,True
35,39194,251313,True
25,39051,251315,True
25,39355,251316,True
35,39114,251317,True
25,39365,251322,True
30,39117,251323,True
35,39428,251325,True
35,39083,251327,True
36,39653,251330,True
30,38916,251331,True
25,39735,251334,True
25,39328,251335,True
25,39090,251336,True
25,39202,252003,True
70,39501,252005,True
40,39301,252006,True
53,39211,252007,True
35,39183,252008,True
39,38701,252013,True
31,38606,252014,True
33,39501,253027,True
306,39193,254010,True
45,39531,254012,True
367,64804,260001,True
362,63301,260005,True
154,65109,260011,True
240,65401,260017,True
194,63501,260022,True
240,63028,260023,True
545,64132,260027,True
1737,63110,260032,True
592,65807,260040,True
135,65102,260047,True
283,64108,260048,True
185,63090,260052,True
48,65536,260059,True
71,64772,260061,True
147,64154,260062,True
866,65804,260065,True
101,65270,260074,True
767,63128,260077,True
180,63026,260081,True
690,63117,260091,True
157,65615,260094,True
366,64057,260095,True
538,63044,260104,True
356,63110,260105,True
494,63131,260108,True
188,63801,260113,True
230,63901,260119,True
642,64111,260138,True
113,63141,260162,True
133,63640,260163,True
250,64069,260177,True
475,63136,260180,True
308,63703,260183,True
111,63376,260191,True
100,63367,260200,True
71,64012,260214,True
238,64086,260216,True
76,63368,260219,True
15,63565,261305,True
25,64683,261309,True
25,65041,261314,True
25,65605,261316,True
18,65625,261317,True
25,63379,261319,True
25,64067,261320,True
25,64601,261321,True
25,64024,261322,True
25,64759,261325,True
25,65708,261329,True
50,63080,261337,True
25,64836,261338,True
60,63108,262010,True
33,63301,262013,True
30,64804,262016,True
44,65804,262017,True
35,64118,262018,True
72,65203,263027,True
131,63110,263028,True
68,63017,263029,True
95,63117,263031,True
235,63110,263301,True
263,64108,263302,True
60,63043,263303,True
41,65360,264020,True
106,65806,264024,True
32,65803,264033,True
0,63111,269802,True
0,63110,269803,True
0,64108,269806,True
0,63104,269807,True
398,59405,270012,True
253,59806,270014,True
160,59901,270051,True
25,59858,271303,True
25,59442,271304,True
25,59422,271307,True
25,59218,271308,True
25,59011,271313,True
16,59722,271314,True
25,59230,271316,True
25,59047,271317,True
18,59725,271318,True
25,59923,271320,True
25,59036,271321,True
19,59254,271322,True
16,59859,271323,True
20,59425,271324,True
25,59864,271325,True
10,59068,271326,True
21,59474,271328,True
10,59019,271330,True
25,59330,271332,True
25,59711,271335,True
20,59427,271337,True
25,59034,271338,True
22,59201,271341,True
22,59860,271343,True
25,59072,271346,True
40,59102,272001,True
20,59601,274004,True
165,68847,280009,True
689,68198,280013,True
265,68510,280020,True
130,68803,280023,True
163,68901,280032,True
400,68124,280060,True
166,69361,280061,True
116,69101,280065,True
90,68025,280077,True
356,68122,280081,True
131,68046,280105,True
63,68526,280128,True
157,68130,280130,True
91,68123,280132,True
44,68845,280134,True
20,68746,281303,True
19,68370,281304,True
25,68959,281306,True
10,69154,281310,True
20,68640,281312,True
21,68651,281314,True
16,68970,281316,True
20,69336,281318,True
25,68788,281322,True
25,68661,281323,True
20,68305,281324,True
25,69210,281325,True
25,68756,281326,True
20,68632,281332,True
12,68825,281335,True
25,68434,281339,True
18,68410,281342,True
17,68713,281343,True
25,69201,281344,True
25,68787,281345,True
19,68769,281346,True
25,68765,281347,True
25,69022,281348,True
24,68355,281352,True
16,68862,281353,True
20,69140,281356,True
25,68850,281361,True
25,68949,281362,True
25,69001,281363,True
23,68822,281365,True
96,68506,282000,True
52,68124,282001,True
0,68198,289805,True
0,68114,289806,True
808,89502,290001,True
762,89109,290003,True
198,89030,290005,True
75,89801,290008,True
130,89015,290012,True
211,89703,290019,True
320,89106,290021,True
346,89119,290022,True
407,89128,290039,True
485,89144,290041,True
364,89118,290046,True
246,89148,290047,True
118,89521,290049,True
147,89113,290053,True
166,89011,290057,True
11,89415,291300,True
5,89820,291303,True
23,89410,291306,True
14,89447,291314,True
146,89146,292002,True
199,89106,292003,True
24,89121,292007,True
29,89703,292008,True
79,89102,293026,True
90,89052,293032,True
50,89148,293033,True
152,89109,294013,True
19,89103,294014,True
295,3301,300001,True
396,3756,300003,True
143,3246,300005,True
208,3060,300011,True
122,3867,300014,True
86,3038,300017,True
100,3833,300023,True
209,3801,300029,True
330,3102,300034,True
16,3576,301300,True
25,3785,301301,True
25,3766,301305,True
25,3235,301306,True
25,3743,301308,True
25,3458,301309,True
25,3264,301311,True
135,3079,303026,True
50,3301,303027,True
0,3756,309801,True
665,7112,310002,True
202,7047,310003,True
372,7666,310008,True
472,7109,310009,True
242,8210,310011,True
663,8103,310014,True
401,7306,310016,True
765,8043,310022,True
281,7065,310024,True
254,7002,310025,True
384,7207,310027,True
340,8103,310029,True
161,8015,310031,True
365,8360,310032,True
440,7701,310034,True
610,8901,310038,True
460,8861,310039,True
333,7030,310040,True
592,8755,310041,True
531,7631,310045,True
335,8876,310048,True
436,8724,310052,True
383,8060,310057,True
214,8865,310060,True
221,8046,310061,True
593,8401,310064,True
91,8318,310069,True
596,7754,310073,True
255,7302,310074,True
483,7740,310075,True
485,7039,310076,True
285,8701,310084,True
596,8084,310086,True
459,8820,310108,True
248,8690,310110,True
225,7733,310112,True
156,8050,310113,True
75,7207,312018,True
62,7662,312019,True
45,7801,312020,True
69,8046,312022,True
30,8401,312023,True
336,7052,313025,True
92,8755,313029,True
80,8240,313030,True
61,8053,313032,True
60,7724,313035,True
41,8360,313036,True
90,8901,313300,True
48,8854,314011,True
281,8502,314012,True
40,8755,314022,True
0,8103,319800,True
0,8901,319801,True
0,7601,319802,True
0,7112,319803,True
0,7039,319804,True
527,87106,320001,True
149,88201,320006,True
254,87102,320009,True
120,87109,320017,True
286,88011,320018,True
100,87901,32001,False
40,88310,32002,False
49,88210,320030,True
150,87115,32004,False
483,87101,32005,False
116,88220,320063,True
84,88240,320065,True
12,88435,320067,True
40,88101,32006,False
95,87114,320074,True
168,88011,320085,True
26,88201,320086,True
72,87144,320089,True
25,87571,321310,True
61,87102,322002,True
32,87108,322003,True
20,88011,322004,True
43,88203,323026,True
87,87109,323027,True
62,87102,323028,True
56,88011,323032,True
25,87124,323033,True
332,10701,330006,True
579,10456,330009,True
267,13905,330011,True
732,12208,330013,True
365,12601,330023,True
530,11554,330027,True
473,10310,330028,True
58,13815,330033,True
341,11706,330043,True
408,11743,330045,True
149,12010,330047,True
68,12572,330049,True
1491,10467,330059,True
413,14214,330078,True
95,12983,330079,True
586,10451,330080,True
76,12953,330084,True
60,13820,330085,True
245,10550,330086,True
266,14905,330090,True
124,12534,330094,True
49,14895,330096,True
184,14217,330102,True
186,14760,330103,True
375,10960,330104,True
122,11901,330107,True
101,13421,330115,True
450,10940,330126,True
457,10461,330127,True
545,11373,330128,True
141,12771,330135,True
180,13326,330136,True
66,14810,330144,True
157,14843,330151,True
368,12308,330153,True
514,10065,330154,True
269,10901,330158,True
259,10549,330162,True
261,14620,330164,True
4,14787,330166,True
364,11576,330182,True
248,11777,330185,True
179,14092,330188,True
711,11219,330194,True
1025,11040,330195,True
371,11235,330196,True
363,10029,330199,True
639,11203,330202,True
912,10016,330204,True
144,13440,330215,True
222,12401,330224,True
65,14048,330229,True
581,11432,330231,True
1120,11212,330233,True
895,10595,330234,True
99,13021,330235,True
72,14437,330238,True
88,14701,330239,True
268,10037,330240,True
430,13210,330241,True
231,11777,330246,True
375,11570,330259,True
130,10996,33025,False
235,10591,330261,True
164,10512,330273,True
74,12078,330276,True
387,14220,330279,True
739,14642,330285,True
437,11795,330286,True
376,11203,330350,True
133,14203,330354,True
164,12742,330386,True
728,11794,330393,True
500,13903,330394,True
411,11206,330396,True
446,10457,330399,True
318,11787,330401,True
130,10993,330405,True
25,12932,331302,True
22,12455,331304,True
25,13753,331305,True
20,13690,331307,True
25,13365,331311,True
25,13856,331312,True
25,14865,331313,True
25,13367,331317,True
25,13619,331318,True
40,12043,331320,True
225,10461,332006,True
150,10605,333030,True
245,11701,334027,True
0,13210,339800,True
0,11030,339801,True
0,11203,339802,True
0,10595,339806,True
0,10467,339807,True
0,14642,339808,True
0,11794,339809,True
0,11040,339815,True
457,28025,340001,True
735,28801,340002,True
354,27261,340004,True
104,28352,340008,True
143,28139,340013,True
912,27103,340014,True
86,28779,340016,True
137,27330,340020,True
241,28150,340021,True
103,28792,340023,True
146,28328,340024,True
600,28302,340028,True
1019,27710,340030,True
442,28052,340032,True
909,27834,340040,True
150,28540,340042,True
885,27157,340047,True
24,27704,340049,True
877,28233,340053,True
120,28659,340064,True
166,28472,340068,True
218,27609,340073,True
204,28655,340075,True
15,28170,340084,True
149,27360,340085,True
65,28752,340087,True
94,27293,340096,True
344,28210,340098,True
124,27910,340099,True
83,27886,340107,True
182,27909,340109,True
843,28203,340113,True
395,28374,340115,True
338,28601,340116,True
109,28001,340119,True
101,28349,340120,True
317,27893,340126,True
105,28117,340129,True
157,28112,340130,True
314,28560,340131,True
102,27536,340132,True
49,27892,340133,True
390,28301,34013,False
136,28687,340144,True
110,28092,340145,True
136,27103,340148,True
206,27870,340151,True
391,27704,340155,True
60,28462,340158,True
50,27573,340159,True
130,28262,340166,True
102,28106,340171,True
75,28078,340183,True
178,28721,340184,True
81,27006,340187,True
36,28215,340190,True
389,28805,34036,False
25,27371,341303,True
15,27983,341304,True
48,28713,341305,True
35,28337,341315,True
25,28741,341316,True
25,27932,341318,True
25,28712,341319,True
35,28722,341322,True
19,27959,341324,True
25,28734,341326,True
25,28461,341327,True
50,28906,341328,True
85,28777,341329,True
101,27406,342012,True
112,28301,342014,True
40,28210,342015,True
30,27704,342018,True
30,27401,342020,True
80,28813,343025,True
150,28203,343026,True
68,27103,343027,True
466,27509,344004,True
80,28711,344023,True
737,28655,344025,True
251,27530,344026,True
80,27509,344027,True
16,27834,344033,True
0,28232,349802,True
0,27710,349804,True
287,58501,350002,True
267,58201,350019,True
142,58104,350070,True
22,58540,351303,True
25,58575,351304,True
25,58746,351305,True
23,58623,351313,True
25,58533,351314,True
20,58474,351315,True
25,58367,351316,True
25,58421,351318,True
14,58237,351320,True
24,58495,351321,True
14,58552,351328,True
25,58301,351333,True
25,58801,351334,True
25,58601,351336,True
31,58104,352004,True
41,58554,352005,True
226,45255,360001,True
123,44805,360002,True
771,45219,360003,True
1000,43214,360006,True
285,45804,360009,True
389,43302,360011,True
71,45365,360013,True
114,45701,360014,True
209,45236,360016,True
645,43215,360017,True
1093,44309,360020,True
41,45385,360026,True
511,44307,360027,True
168,43402,360029,True
309,44129,360041,True
92,45331,360044,True
970,45409,360051,True
346,44482,360055,True
271,45014,360056,True
424,45801,360066,True
120,45891,360071,True
213,44024,360075,True
328,45005,360076,True
468,44111,360077,True
302,44266,360078,True
494,45429,360079,True
301,44119,360082,True
971,43210,360085,True
254,45504,360086,True
203,44113,360087,True
120,44883,360089,True
215,43537,360090,True
157,44256,360091,True
97,43040,360092,True
239,45840,360095,True
144,43920,360096,True
399,44077,360098,True
165,43812,360109,True
568,43608,360112,True
358,44903,360118,True
240,44145,360123,True
207,44601,360131,True
417,45405,360133,True
672,45220,360134,True
1037,44106,360137,True
349,44125,360143,True
180,44122,360144,True
400,44035,360145,True
262,43228,360152,True
94,43113,360170,True
317,44053,360172,True
178,45373,360174,True
143,45177,360175,True
465,45242,360179,True
1267,44195,360180,True
107,43140,360189,True
126,44024,360192,True
130,43015,360210,True
280,44124,360230,True
297,45211,360234,True
157,45103,360236,True
214,45342,360239,True
172,43210,360242,True
23,43512,360270,True
107,43016,360348,True
162,45069,360354,True
144,44122,360359,True
129,45431,360360,True
126,44011,360364,True
26,44906,360365,True
28,45373,360368,True
1,43123,360372,True
76,43608,360373,True
25,44621,361302,True
20,44254,361303,True
25,44074,361306,True
25,44041,361307,True
25,44030,361308,True
25,43545,361309,True
15,44890,361310,True
25,43907,361311,True
25,43078,361312,True
25,43338,361313,True
15,43452,361314,True
25,43326,361315,True
15,44820,361316,True
25,43713,361321,True
25,45817,361322,True
25,44875,361324,True
35,44833,361325,True
25,43160,361331,True
35,43567,361333,True
108,45216,362004,True
61,44708,362016,True
36,45219,362019,True
186,43201,362022,True
45,44512,362023,True
31,44501,362024,True
119,44120,362026,True
34,44308,362027,True
142,44128,362029,True
35,43055,362031,True
67,45417,362033,True
45,43560,362036,True
43,43207,362037,True
120,44484,363026,True
60,45402,363033,True
60,45216,363034,True
60,44304,363035,True
50,44122,363036,True
44,43201,363037,True
60,44011,363038,True
50,44011,363039,True
41,43614,363040,True
60,43082,363042,True
24,43623,363043,True
244,44106,363302,True
52,44104,363304,True
155,45404,363306,True
32,45417,364048,True
0,44106,369801,True
0,43210,369803,True
0,45267,369804,True
620,74104,370001,True
87,73801,370002,True
140,74601,370006,True
385,73120,370013,True
148,74702,370014,True
48,74361,370015,True
133,74006,370018,True
159,74820,370020,True
110,73533,370023,True
325,74401,370025,True
66,73601,370029,True
686,73101,370037,True
49,74017,370039,True
49,74037,370041,True
190,73401,370047,True
117,74076,370049,True
57,73018,370054,True
66,74447,370057,True
23,74523,370083,True
1088,74136,370091,True
910,73104,370093,True
255,73110,370094,True
199,73505,370097,True
99,74023,370099,True
703,74104,370114,True
96,74804,370149,True
41,74437,370183,True
23,73120,370199,True
12,73129,370201,True
180,74133,370202,True
26,73052,370214,True
38,74132,370216,True
96,74133,370218,True
8,73114,370220,True
36,74055,370227,True
83,74055,370228,True
32,74868,370229,True
44,73135,370234,True
44,74012,370235,True
50,74301,370237,True
25,73772,371302,True
25,73460,371304,True
25,74048,371305,True
22,73438,371310,True
25,73573,371311,True
25,74066,371312,True
25,73750,371313,True
25,73005,371314,True
25,73044,371317,True
14,74020,371320,True
24,73932,371322,True
25,73446,371326,True
17,73763,371327,True
18,73554,371330,True
25,74462,371335,True
33,73942,371340,True
18,73120,372005,True
56,74127,372007,True
72,73112,372009,True
34,74801,372019,True
64,74401,372022,True
4,74447,372023,True
50,73142,373033,True
40,74012,373034,True
90,74136,374020,True
120,74120,374021,True
0,73117,379801,True
150,97527,380002,True
523,97225,380004,True
49,97520,380005,True
554,97227,380007,True
539,97210,380017,True
378,97504,380018,True
113,97477,380020,True
215,97123,380021,True
115,97030,380025,True
48,97381,380029,True
104,97401,380033,True
40,97132,380037,True
143,97045,380038,True
176,97601,380050,True
302,97216,380060,True
483,97213,380061,True
88,97128,380071,True
168,97504,380075,True
77,97222,380082,True
150,97062,380089,True
347,97477,380102,True
11,97424,381301,True
34,97138,381303,True
24,97411,381304,True
25,97828,381306,True
24,97630,381309,True
30,97423,381312,True
21,97439,381316,True
49,97141,381317,True
32,97031,381318,True
49,97103,381320,True
49,97850,381321,True
73,97220,382004,True
604,97301,384008,True
0,97225,389802,True
293,18510,390001,True
198,15132,390002,True
76,17815,390003,True
315,17011,390004,True
559,17822,390006,True
428,16544,390009,True
150,19446,390012,True
175,16105,390016,True
179,19118,390026,True
677,19140,390027,True
435,15219,390028,True
187,17901,390030,True
228,15065,390032,True
81,18951,390035,True
361,15009,390036,True
186,15143,390037,True
111,15501,390039,True
190,15401,390041,True
260,15301,390042,True
738,19611,390044,True
255,17701,390045,True
572,17403,390046,True
123,17044,390048,True
813,18015,390049,True
524,15212,390050,True
71,16652,390056,True
165,17015,390058,True
45,16673,390062,True
343,16550,390063,True
76,17325,390065,True
196,17042,390066,True
717,17105,390067,True
206,17543,390068,True
186,19007,390070,True
25,17745,390071,True
90,18603,390072,True
398,16601,390073,True
247,19026,390081,True
250,15801,390086,True
500,15224,390090,True
173,16346,390091,True
67,16214,390093,True
240,19605,390096,True
268,19046,390097,True
632,17602,390100,True
128,17408,390101,True
237,15215,390102,True
31,16735,390104,True
346,15237,390107,True
486,15905,390110,True
782,19104,390111,True
54,15963,390112,True
203,16335,390113,True
363,15213,390114,True
464,19114,390115,True
130,19401,390116,True
49,15537,390117,True
290,18510,390119,True
219,19464,390123,True
106,18431,390125,True
206,19460,390127,True
1190,18103,390133,True
412,18764,390137,True
57,17268,390138,True
320,19010,390139,True
783,19141,390142,True
375,15601,390145,True
85,16365,390146,True
210,15063,390147,True
69,15370,390150,True
257,17201,390151,True
231,19301,390153,True
138,15136,390157,True
104,15317,390160,True
164,18042,390162,True
154,16201,390163,True
1577,15213,390164,True
294,16001,390168,True
166,15701,390173,True
925,19107,390174,True
201,16125,390178,True
263,19380,390179,True
672,19013,390180,True
108,18218,390183,True
64,15425,390184,True
150,18201,390185,True
331,19096,390195,True
100,19111,390196,True
144,16509,390198,True
49,15767,390199,True
264,18301,390201,True
271,18901,390203,True
220,16146,390211,True
210,15666,390217,True
170,15650,390219,True
212,19063,390222,True
305,19104,390223,True
130,17522,390225,True
475,19107,390226,True
328,15243,390228,True
880,19001,390231,True
93,17331,390233,True
186,18501,390237,True
564,17033,390256,True
67,16127,390266,True
349,15146,390267,True
310,18711,390270,True
67,19403,390272,True
83,19408,390278,True
137,19128,390304,True
15,19610,390316,True
24,19020,390322,True
14,15301,390323,True
12,19468,390324,True
38,17402,390325,True
108,18045,390326,True
73,17403,390327,True
155,15146,390328,True
171,19403,390329,True
98,18360,390330,True
4,19107,390331,True
32,17961,390332,True
10,15601,390333,True
100,15090,390334,True
120,17025,390336,True
20,17756,390337,True
25,17740,391300,True
20,17756,391301,True
20,15552,391302,True
25,18801,391306,True
25,16686,391307,True
20,16407,391308,True
25,18847,391309,True
35,15825,391312,True
49,16915,391313,True
25,16354,391314,True
35,15857,391315,True
25,16901,391316,True
25,16646,391317,True
52,19111,392027,True
39,15901,392031,True
32,18017,392033,True
40,15650,392036,True
50,16501,392037,True
92,17101,392039,True
67,15213,392044,True
30,15132,392045,True
30,17822,392047,True
148,19355,393025,True
60,19607,393026,True
162,15238,393027,True
50,18508,393030,True
75,17055,393031,True
106,18103,393035,True
47,18702,393036,True
90,17404,393037,True
96,19102,393038,True
73,16823,393039,True
80,16602,393040,True
55,15143,393045,True
60,16507,393046,True
42,17821,393047,True
59,17604,393054,True
50,19047,393055,True
312,15224,393302,True
514,19104,393303,True
30,15224,393304,True
189,19134,393307,True
53,19104,393309,True
103,17064,394020,True
147,19131,394023,True
239,19128,394027,True
146,19002,394034,True
149,18704,394039,True
101,16828,394040,True
74,16214,394043,True
146,19034,394049,True
26,17257,394050,True
48,19601,394052,True
36,19129,394053,True
22,19145,394057,True
0,17822,399800,True
0,15213,399801,True
0,15224,399803,True
0,19140,399806,True
0,17033,399807,True
0,19104,399808,True
0,17105,399809,True
0,19107,399810,True
0,19104,399812,True
0,19141,399813,True
0,18105,399815,True
0,16550,399817,True
0,19611,399819,True
183,717,400003,True
160,909,400006,True
197,910,400019,True
146,959,400102,True
180,915,400106,True
186,698,400110,True
138,780,400113,True
138,614,400117,True
250,674,400118,True
123,681,400123,True
76,683,400126,True
224,919,400128,True
26,641,400130,True
109,979,400132,True
75,680,400136,True
69,612,40015,False
32,936,403025,True
40,674,403026,True
43,623,404007,True
129,2840,410006,True
214,2895,410011,True
247,2906,410012,True
40,2896,413025,True
60,2915,414003,True
713,29425,420004,True
92,29536,420005,True
747,29303,420007,True
169,29672,420009,True
116,29550,420010,True
55,29671,420011,True
109,29640,420015,True
649,29203,420018,True
82,29706,420019,True
245,29601,420023,True
258,29204,420026,True
533,29621,420027,True
135,29488,420030,True
82,29650,420033,True
217,29720,420036,True
43,29681,420037,True
76,29325,420038,True
125,29340,420043,True
119,29020,420048,True
210,29526,420049,True
461,29506,420051,True
124,29574,420055,True
204,29414,420065,True
286,29115,420068,True
283,29150,420070,True
358,29646,420071,True
460,29169,420073,True
845,29605,420078,True
497,29406,420079,True
273,29801,420082,True
369,29572,420085,True
352,29220,420086,True
368,29401,420087,True
420,29505,420091,True
421,29904,42009,False
72,29615,420102,True
48,29651,420103,True
85,29466,420104,True
105,29569,420105,True
76,29212,420106,True
59,29520,420107,True
143,29379,420108,True
81,29102,420109,True
553,29408,42010,False
50,29486,420110,True
500,29207,42012,False
30,29577,42013,False
25,29824,421304,True
97,29303,422004,True
59,29464,422005,True
35,29201,422006,True
40,29501,422007,True
45,29690,422008,True
32,29601,422009,True
96,29203,423025,True
88,29506,423026,True
49,29406,423027,True
50,29732,423028,True
60,29621,423029,True
42,29646,423030,True
40,29303,423031,True
38,29910,423032,True
40,29045,423034,True
40,29607,423035,True
42,29720,424014,True
81,57201,430005,True
49,57006,430008,True
44,57783,430048,True
417,57701,430077,True
25,57042,431300,True
18,57732,431320,True
25,57785,431321,True
11,57730,431323,True
25,57350,431335,True
24,57105,432002,True
40,57108,433027,True
771,38301,440002,True
155,37066,440003,True
395,37207,440006,True
80,38485,440010,True
70,38344,440016,True
95,38478,440020,True
66,37766,440033,True
270,37040,440035,True
1091,37232,440039,True
157,37055,440046,True
927,38120,440048,True
1593,38104,440049,True
358,37129,440053,True
152,37398,440058,True
70,38358,440060,True
100,38237,440061,True
109,37172,440065,True
190,37371,440068,True
225,38024,440072,True
258,38401,440073,True
571,37205,440082,True
423,37404,440091,True
91,37334,440102,True
848,37403,440104,True
150,37208,440111,True
628,37849,440120,True
517,37916,440125,True
137,38261,440130,True
100,38019,440131,True
104,37160,440137,True
135,37388,440144,True
71,37166,440148,True
200,37076,440150,True
125,37110,440151,True
621,37404,440156,True
733,37203,440161,True
96,38464,440175,True
351,37311,440185,True
110,38570,440187,True
60,38583,440192,True
250,37087,440193,True
136,37211,440197,True
55,37190,440200,True
23,37203,440218,True
75,37167,440227,True
86,37129,440231,True
25,37033,441300,True
25,37074,441301,True
25,37185,441303,True
25,37083,441305,True
31,37367,441306,True
35,37030,441307,True
25,37091,441309,True
12,37015,441311,True
25,38063,441314,True
25,38320,441316,True
25,38008,441320,True
49,37402,442007,True
30,38120,442010,True
70,37203,442011,True
30,38104,442014,True
68,37849,442015,True
33,37620,442016,True
88,37403,443025,True
50,37660,443027,True
80,37212,443028,True
80,38104,443029,True
40,38237,443030,True
40,38128,443031,True
69,37404,443032,True
36,37601,443033,True
49,38138,443034,True
40,37067,443035,True
48,38301,443036,True
57,37909,443037,True
25,38301,444010,True
100,37214,444014,True
16,38305,444023,True
0,37232,449802,True
0,38120,449803,True
0,38104,449806,True
316,77802,450011,True
914,75246,450021,True
326,78044,450029,True
792,77002,450035,True
429,76104,450039,True
381,79410,450040,True
278,76712,450042,True
636,76508,450054,True
521,78705,450056,True
369,76012,450064,True
1098,77030,450068,True
165,77566,450072,True
666,77030,450076,True
288,75061,450079,True
432,75701,450083,True
42,76450,450085,True
140,76180,450087,True
60,76240,450090,True
481,77504,450097,True
109,79065,450099,True
260,76712,450101,True
642,79902,450107,True
210,78701,450124,True
233,78596,450128,True
610,76104,450135,True
538,76104,450137,True
36,78957,450143,True
163,77901,450147,True
137,76033,450148,True
232,76542,450152,True
42,79045,450155,True
67,78026,450165,True
297,78572,450176,True
1515,77008,450184,True
881,77030,450193,True
74,75766,450194,True
368,75460,450196,True
370,75501,450200,True
99,76086,450203,True
495,79106,450209,True
42,75633,450210,True
279,75901,450211,True
328,77304,450222,True
445,79106,450231,True
35,78629,450235,True
85,76234,450271,True
91,75142,450292,True
326,75020,450324,True
483,77701,450346,True
44,76661,450348,True
98,76401,450351,True
1299,77030,450358,True
155,75234,450379,True
2071,78229,450388,True
127,75751,450389,True
66,77351,450395,True
59,76667,450400,True
225,75069,450403,True
83,76448,450411,True
36,76020,450419,True
28,75204,450422,True
230,77521,450424,True
625,78705,450431,True
162,75110,450447,True
16,76043,450451,True
866,75231,450462,True
158,75652,450475,True
117,75904,450484,True
216,77640,450518,True
205,75082,450537,True
273,76051,450563,True
441,76903,450571,True
28,76384,450584,True
25,76380,450586,True
59,76048,450596,True
49,77954,450597,True
821,77024,450610,True
528,77598,450617,True
208,76210,450634,True
423,77090,450638,True
286,76022,450639,True
38,76255,450641,True
302,77082,450644,True
963,75230,450647,True
567,75075,450651,True
146,79720,450653,True
508,77004,450659,True
230,79761,450661,True
214,78526,450662,True
202,75057,450669,True
289,77375,450670,True
320,76104,450672,True
397,77054,450674,True
420,76015,450675,True
213,76028,450677,True
242,77338,450684,True
182,75708,450690,True
325,78224,450697,True
75,79339,450698,True
230,75605,450702,True
178,77058,450709,True
320,78503,450711,True
368,78704,450713,True
175,78681,450718,True
285,75237,450723,True
112,75088,450742,True
255,76201,450743,True
160,75801,450747,True
203,75093,450771,True
15,77090,450774,True
582,77325,450775,True
630,76132,450779,True
631,78414,450788,True
49,77030,450804,True
472,78758,450809,True
340,77479,450820,True
100,75039,450822,True
41,76310,450827,True
60,75119,450833,True
16,77802,450834,True
29,75013,450840,True
313,77070,450844,True
208,77494,450847,True
179,77479,450848,True
61,75226,450851,True
25,75034,450853,True
241,77384,450862,True
20,75701,450864,True
28,78737,450865,True
124,78759,450867,True
74,79416,450876,True
20,76262,450883,True
118,75035,450885,True
6,76092,450888,True
160,75093,450890,True
18,75093,450891,True
16,76208,450893,True
20,76642,451303,True
25,77836,451305,True
24,79323,451308,True
14,79752,451309,True
25,76821,451310,True
20,77480,451311,True
25,77434,451312,True
25,79745,451314,True
25,77864,451316,True
20,78377,451317,True
25,77868,451322,True
25,76550,451323,True
12,76950,451324,True
16,79096,451334,True
25,79855,451338,True
25,79521,451341,True
25,79081,451344,True
2,79322,451345,True
25,76834,451347,True
25,76825,451348,True
20,79088,451349,True
25,79027,451350,True
25,79731,451353,True
16,79095,451355,True
25,77979,451356,True
25,79360,451358,True
18,75972,451360,True
25,75948,451361,True
25,76365,451362,True
25,78611,451365,True
18,79346,451366,True
25,75686,451367,True
25,79007,451369,True
25,75418,451370,True
24,78648,451371,True
25,79347,451372,True
25,76574,451374,True
25,77964,451376,True
25,79830,451378,True
25,75783,451380,True
38,76442,451382,True
60,79029,451386,True
25,78834,451390,True
25,78643,451396,True
59,78229,452016,True
15,76104,452018,True
60,75010,452022,True
110,77030,452023,True
54,78756,452034,True
47,78745,452038,True
158,77065,452039,True
53,77702,452042,True
36,75701,452051,True
37,79120,452060,True
66,75235,452067,True
31,76301,452068,True
147,77598,452075,True
72,79902,452079,True
171,77479,452080,True
48,77627,452083,True
32,75601,452087,True
51,75701,452091,True
53,78503,452095,True
40,78041,452096,True
60,75115,452097,True
40,75149,452100,True
82,78526,452101,True
50,76502,452105,True
41,77304,452107,True
60,76208,452111,True
102,77450,452118,True
25,79761,452121,True
134,77030,453025,True
90,77338,453029,True
108,78240,453031,True
139,78229,453035,True
92,75246,453036,True
85,76015,453040,True
77,76132,453042,True
83,75075,453047,True
60,75501,453053,True
63,76301,453054,True
80,79707,453057,True
84,77384,453059,True
49,75701,453072,True
32,78596,453091,True
40,78526,453092,True
44,79106,453096,True
392,76104,453300,True
189,78411,453301,True
227,78723,453310,True
30,77550,453311,True
100,75219,453314,True
72,75024,453316,True
96,76301,454018,True
151,78731,454029,True
124,75251,454094,True
64,79706,454110,True
24,75605,454117,True
92,79602,454122,True
24,75904,454123,True
116,75115,454126,True
48,76132,454128,True
48,75093,454130,True
198,78240,454132,True
90,78754,454133,True
70,75034,454134,True
48,77450,454136,True
80,79912,454146,True
22,77505,454147,True
60,76001,454148,True
60,75042,454149,True
48,76712,454150,True
92,77058,454151,True
28,79124,454154,True
0,75230,459801,True
0,78758,459807,True
0,75246,459808,True
0,77030,459809,True
0,76104,459812,True
0,75235,459814,True
0,78229,459818,True
0,76104,459822,True
0,77030,459824,True
0,79902,459825,True
0,76104,459826,True
395,84604,460001,True
321,84403,460004,True
227,84405,460005,True
250,84143,460006,True
48,84721,460007,True
520,84107,460010,True
84,84501,460011,True
126,84651,460013,True
44,84074,460014,True
148,84341,460015,True
52,84302,460017,True
245,84790,460021,True
89,84003,460023,True
42,84701,460026,True
39,84078,460030,True
16,84337,460039,True
220,84041,460041,True
117,84010,460042,True
20,84057,460043,True
70,84094,460044,True
294,84124,460047,True
122,84057,460052,True
28,84341,460054,True
30,84060,460057,True
97,84065,460058,True
32,84020,460060,True
43,84041,460061,True
33,84660,460062,True
18,84624,461300,True
19,84631,461301,True
17,84532,461302,True
18,84647,461303,True
25,84634,461306,True
19,84032,461307,True
25,84741,461309,True
41,84107,462004,True
40,84604,462005,True
84,84094,463025,True
40,84403,463027,True
232,84113,463301,True
41,84047,464015,True
0,84132,469810,True
0,84107,469811,True
175,5641,470001,True
104,5301,470011,True
25,5089,471302,True
25,5819,471303,True
25,5855,471304,True
25,5661,471305,True
45,5753,471307,True
238,22801,490004,True
399,22601,490005,True
525,23507,490007,True
622,22908,490009,True
192,24592,490013,True
346,23707,490017,True
147,23860,490020,True
703,24014,490024,True
779,23298,490032,True
196,22630,490033,True
318,22304,490040,True
110,23602,490041,True
146,24073,490042,True
167,20176,490043,True
168,23439,490044,True
170,20110,490045,True
247,23502,490046,True
506,24153,490048,True
276,23454,490057,True
391,23226,490059,True
923,22042,490063,True
145,23188,490066,True
300,23805,490067,True
225,23116,490069,True
250,24541,490075,True
176,22911,490077,True
67,22560,490084,True
37,24151,490089,True
221,23851,490092,True
224,23666,490093,True
104,23223,490094,True
80,23847,490097,True
70,23970,490098,True
182,22033,490101,True
187,20190,490107,True
146,24060,490110,True
100,24382,490111,True
758,23235,490112,True
183,22191,490113,True
141,24333,490115,True
147,24343,490116,True
238,24651,490117,True
340,23229,490118,True
160,23456,490119,True
237,22306,490122,True
205,24457,490126,True
134,24614,490127,True
130,23114,490136,True
126,22408,490141,True
60,20169,490144,True
124,20166,490145,True
25,24445,491300,True
25,24134,491302,True
25,24450,491304,True
25,22664,491305,True
25,22835,491307,True
76,22482,491308,True
35,23507,492007,True
25,23601,492008,True
60,23230,492009,True
50,23692,493027,True
40,23226,493028,True
50,22903,493029,True
64,23805,493031,True
58,22401,493032,True
60,20105,493033,True
25,24201,493034,True
114,23233,493036,True
206,23507,493301,True
116,22044,494023,True
0,23507,499800,True
0,22042,499801,True
0,22908,499802,True
0,23507,499803,True
0,23298,499805,True
146,99362,500002,True
336,98101,500005,True
450,98195,500008,True
268,98201,500014,True
198,98807,500016,True
191,98531,500019,True
340,98506,500024,True
376,98122,500025,True
217,98026,500026,True
697,98122,500027,True
78,99011,50002,False
253,98225,500030,True
50,98837,500033,True
218,98902,500036,True
297,98310,500039,True
368,98632,500041,True
275,98668,500050,True
218,98004,500051,True
346,98112,500052,True
71,99336,500053,True
141,99352,500058,True
413,98104,500064,True
175,98314,50006,False
126,98362,500072,True
272,99208,500077,True
290,98114,50007,False
303,98055,500088,True
50,98388,50008,False
824,98493,50009,False
253,99362,50013,False
20,98801,500148,True
20,98277,50014,False
220,98686,500150,True
120,98029,500152,True
12,99204,50016,False
31,99022,50017,False
40,98155,50024,False
28,98942,50025,False
48,98321,50026,False
25,99347,501301,True
25,99328,501302,True
25,99122,501305,True
48,99133,501308,True
65,99109,501309,True
25,99156,501310,True
20,99169,501311,True
25,98672,501315,True
31,98356,501319,True
29,98848,501320,True
25,98368,501323,True
45,98331,501325,True
25,99114,501326,True
30,98284,501329,True
25,99403,501332,True
25,98816,501334,True
35,99301,501337,True
25,98065,501338,True
10,98250,501340,True
80,98101,502002,True
102,99202,503025,True
250,98105,503300,True
133,98034,504002,True
32,99352,504008,True
531,26506,510001,True
122,24970,510002,True
375,26330,510006,True
241,25401,510008,True
127,26038,510013,True
238,26062,510023,True
266,25309,510029,True
140,25601,510048,True
277,26003,510050,True
343,26101,510058,True
173,25801,510062,True
300,25801,510070,True
58,26155,510072,True
124,24801,510086,True
35,25301,510091,True
25,26624,511308,True
25,25411,511309,True
25,25951,511310,True
44,26757,511311,True
25,25130,511313,True
25,26726,511315,True
25,25901,511317,True
25,25438,511319,True
25,25271,511320,True
51,26201,511321,True
25,26651,511322,True
32,25301,512002,True
28,25702,512003,True
25,26505,512004,True
60,24740,513026,True
40,26105,513027,True
62,25705,513028,True
96,26504,513030,True
110,25709,514009,True
200,26452,514012,True
181,54481,520002,True
345,54601,520004,True
332,54915,520009,True
75,54868,520011,True
344,54701,520013,True
99,54501,520019,True
100,53566,520028,True
321,54401,520030,True
99,54495,520033,True
69,54241,520034,True
185,53081,520035,True
504,54449,520037,True
71,53027,520038,True
73,53901,520041,True
185,53081,520044,True
182,54956,520045,True
422,53211,520051,True
100,53913,520057,True
123,53105,520059,True
240,53548,520066,True
304,54703,520070,True
270,53215,520078,True
440,53715,520083,True
151,54935,520088,True
448,53715,520089,True
109,54568,520091,True
553,53405,520096,True
536,53792,520098,True
99,53121,520102,True
167,54221,520107,True
40,53948,520109,True
99,54143,520113,True
95,53098,520116,True
538,53210,520136,True
1213,53215,520138,True
149,53227,520139,True
74,53142,520189,True
132,54311,520193,True
25,53212,520194,True
84,54904,520198,True
86,54476,520202,True
16,53132,520205,True
66,53066,520206,True
62,53024,520207,True
50,53546,520208,True
44,54701,520210,True
25,54521,521300,True
18,54758,521302,True
25,54634,521304,True
25,54736,521307,True
25,54001,521308,True
25,53934,521309,True
15,54154,521310,True
24,54768,521311,True
18,54487,521313,True
15,54724,521314,True
29,54812,521315,True
25,54773,521316,True
29,53014,521317,True
29,53534,521319,True
18,54971,521321,True
15,53813,521322,True
25,54456,521323,True
15,54451,521324,True
15,54552,521325,True
15,54961,521326,True
15,53963,521327,True
25,54848,521328,True
15,54880,521329,True
25,53821,521330,True
25,54801,521332,True
25,54981,521334,True
25,54016,521335,True
25,54843,521336,True
25,54024,521337,True
25,54452,521339,True
25,54751,521340,True
25,53589,521343,True
25,53805,521344,True
25,54017,521345,True
25,54022,521349,True
25,54409,521350,True
25,54923,521355,True
25,53147,521357,True
25,54806,521359,True
63,53227,522006,True
23,53715,522008,True
81,53097,523025,True
50,53718,523028,True
296,53226,523300,True
42,54956,523302,True
105,53213,524000,True
16,54403,524017,True
0,53215,529801,True
0,53792,529802,True
0,53226,529803,True
88,82801,530006,True
146,82501,530008,True
99,82901,530011,True
64,83001,530015,True
99,82072,530025,True
16,82609,530034,True
25,82414,531312,True
16,83101,531315,True
41,82609,533027,True
65,78945,670004,True
23,78746,670006,True
88,76063,670023,True
68,75093,670025,True
61,77505,670031,True
101,78664,670034,True
181,78664,670041,True
126,78613,670043,True
61,75032,670044,True
100,77478,670053,True
284,78258,670055,True
154,78640,670056,True
30,77384,670059,True
20,75182,670060,True
33,78414,670061,True
24,76015,670067,True
99,75028,670068,True
48,76012,670071,True
32,75001,670073,True
106,77070,670075,True
14,75090,670076,True
302,77094,670077,True
83,76548,670080,True
95,75071,670082,True
101,76244,670085,True
135,77845,670088,True
84,75146,670090,True
55,76177,670103,True
53,77584,670106,True
46,78654,670108,True
16,77327,670115,True
12,76177,670116,True
187,77385,670122,True
25,78660,670128,True
15,78610,670131,True
54,76092,670132,True
10,77072,670135,True
16,78735,670136,True
7,78602,670143,True
1,75033,670167,True
1,76123,670184,True
1,77707,670188,True
1,75090,670237,True
1,78130,670241,True
10,77802,670259,True
3,77339,670285,True
1,78229,670295,True
46,76065,670300,True
54,77338,670310,True
7,77479,670314,True
50,75080,673029,True
27,77702,673030,True
60,77302,673034,True
42,76132,673035,True
44,76201,673036,True
118,77450,673038,True
60,79606,673039,True
50,77478,673042,True
40,75230,673043,True
60,76021,673044,True
30,75149,673045,True
44,75034,673046,True
66,76104,673048,True
40,78130,673049,True
60,77065,673050,True
60,77070,673052,True
35,78414,673053,True
60,78704,673054,True
36,78734,673058,True
21,78041,673059,True
40,76015,673060,True
26,76086,673062,True
93,79415,673063,True
40,77584,673066,True
40,77494,673071,True
36,75605,673073,True
36,76504,673074,True
41,75022,673076,True
40,76901,673078,True
40,76706,673079,True
40,71115,713028,True
